,Name
2,Wagnney-Fabiano
3,Marcos-da-Matta
5,Dave-Galera
7,Devin-Johnson
8,Nate-James
10,Josh-LaBerge
11,Oron-Kahlon
12,Achmed-Labasanov
13,Alex-Karalexis
16,Joe-Camacho
18,Masakatsu-Okuda
19,Kazuki-Okubo
21,Alexander-Otsuka
22,Pedro-Otavio
24,Ryan-Quinn
26,Dave-Beneteau
30,Eric-Magana
31,Brandon-Magana
32,Valesca-Machado
36,Roshan-Mainam
38,Jose-Palacios
39,Raquel-Pa'aluhi
43,Yan-Pellerin
45,Justin-Pennington
53,Jim-Mullen
54,Patrick-Murphy
55,Kazunari-Murakami
56,Ho-Bae-Myeon
57,Max-Mustaki
58,Fiona-Muxlow
60,Andre-Mussi
62,Josias-Musasa
65,Jesse-Murray
67,Jon-Murphy
68,Lee-Murray
70,Ian-Murphy
72,Ailiya-Muratbek
75,Ryuichi-Murata
77,Tom-Murphy
78,Olivier-Murad
80,Andy-Murad
83,Alexander-Munoz
87,Fazlo-Mulabitinovic
91,Garrett-Mueller
93,Kin-Moy
98,Juan-Mott
99,Flavio-Luiz-Moura
104,Jack-Morrison
105,Harry-Moskowitz
108,Anthony-Morrison
111,Scott-Morris
112,Alexander-Morgan
115,Sammy-Morgan
116,Jesse-Moreng
117,Mike-Moreno
119,Gisele-Moreira
123,Joe-Moreira
132,Ricardo-Morais
134,Taylor-Moore
136,Dustin-Moore
138,Todd-Moore
139,Nate-Moore
141,Alberto-Montes
142,Homer-Moore
146,Andrew-Montanez
149,Jeff-Monson
150,Rudyard-Moncayo
151,Hidetaka-Monma
152,Dan-Molina
153,Pat-Pytlik
164,Bronson-Mohika
165,Tatsuya-Mizuno
167,Josh-Pulsifer
168,CM-Punk
169,Andrey-Pulyaev
171,Juan-Puerta
172,Hugh-Pulley
173,Bubba-Pugh
177,Jens-Pulver
178,Kazuyuki-Miyata
179,-Mizuki
180,Motoki-Miyazawa
181,Jonathan-Mix
182,Tomoya-Miyashita
183,Hiromitsu-Miura
186,Cole-Province
188,Daniel-Puder
192,Brent-Primus
193,Terrence-Mitchell
196,Chris-Price
197,Clay-Mitchell
199,Maurice-Mitchell
200,Felix-Lee-Mitchell
202,Brad-Mitchell
203,Philip-Preece
206,Dokonjonosuke-Mishima
209,Ricardo-Prasel
211,Trevor-Prangley
212,Toby-Misech
213,Damir-Mirenic
214,Kazuo-Misaki
218,Juan-Miranda
223,Dylan-Potter
227,Alexander-Poppeck
230,Felipe-Portela
233,Mike-Minniger
234,Vitaly-Minakov
235,Ikuhisa-Minowa
236,Eddy-Millis
239,Mike-Polchlopek
242,Brandon-Polcare
244,John-Polakowski
246,Dmitry-Poberezhets
248,Mo-Miller
250,Aaron-Miller
251,Micah-Miller
252,Henry-Miller
254,Ross-Pointon
259,Mario-Pinto
269,Pat-Miletich
270,Phillip-Miller
271,Keith-Mielke
272,Gabriel-Miglioli
273,Billy-Miles
274,Chris-Mierzwiak
275,Kristof-Midoux
277,Joao-Pierini
280,Nick-Piedmont
282,Fabiola-Pidroni
284,Zachary-Micklewright
285,Chris-Mickle
286,Brandon-Michaels
292,Jeremiah-Metcalf
293,Guy-Mezger
294,Nick-Pica
296,Adam-Piccolotti
298,Mario-Piazzon
302,Dave-Phillips
303,Wayne-Phillips
304,Nick-Meregali
305,Buck-Meredith
306,Steve-Mensing
309,Dave-Menne
311,Adam-Meredith
312,Pietro-Menga
315,Dino-Pezao
320,Peter-Petties
321,Luis-Mendoza
323,Meng-Ding
329,Fabio-Mello
331,Steve-Byrnes
332,Michael-Byrnes
340,Tommy-Petersen
341,Cory-Peterson
342,Tony-Petarra
343,Leiticia-Pestova
344,Nair-Melikyan
345,Marcelo-Mello
346,Brandon-Melendez
347,Bryce-Mejia
350,Derrick-Mehmen
351,Miika-Mehmet
353,JP-Buys
354,Raphael-Butler
355,Ian-Butler
356,Frank-Megallon
358,Todd-Butler
359,Jason-Butcher
360,Goldman-Butler
361,Nick-Bustamante
362,Eduardo-Bustillos
363,Murilo-Bustamante
375,Todd-Medina
376,Jason-Medina
378,Sanford-Alton-Meeks
379,Kaline-Medeiros
384,Martin-Buschkamp
385,MarQuel-Mederos
386,George-Bush
387,Nah-Shon-Burrell
388,Josh-Burns
389,Derrick-Burnsed
392,Jose-Perez
395,Philip-Perez
396,Rolando-Perez
397,Luciano-Pereira
399,Daniel-Pereira
400,Daniel-McWilliams
401,Charles-McTorry
402,Tommy-McMillen
407,Brian-McLaughlin
410,Jason-McLean
412,Justin-Burlinson
413,Mikey-Burnett
416,Joshua-Burkman
417,Josh-Bumgarner
419,Shawn-Bunch
422,Ray-Perales
424,Jerron-Peoples
428,AJ-McKee
435,Greg-McIntyre
436,Jack-McGlaughlin
440,Lee-Kwan-Bum
442,Mike-Budnik
443,Julia-Budd
444,Francisco-Bueno
448,Matej-Penaz
450,Drew-Pendleton
451,Felipe-Pena
452,Sherman-Pendergarst
453,BJ-Penn
454,Ryan-McGivern
457,Gan-McGee
458,Liam-McGeary
461,Miles-McDonald
462,Justin-McElfresh
463,Courtney-Buck
464,Zak-Bucia
465,Josh-McDonald
470,Dennis-Bryant
472,Willie-Peeters
477,Matt-Pedro
481,Scott-McDonald
486,Rob-McCullough
492,Justin-Bruckmann
494,Humberto-Brown-Morrison
497,TJ-Brown
498,Andre-Pederneiras
499,Joe-Pearson
503,Sarah-Payant
505,Roland-Payne
509,Bobby-McAndrews
513,Scott-McAfee
516,Brooke-Mayo
519,Dominic-Brown
520,Chris-Brown
521,Frederick-Brown
522,Terrell-Brown
527,Thomas-Paull
528,Justin-Patterson
532,Russell-Patrick
536,Elaina-Maxwell
537,Jeremy-May
540,Don'Tale-Mayes
543,Claudio-Mattos
544,Lee-Brousseau
545,Francesco-Maturi
546,John-Matua
551,Drew-Brokenshire
552,Icaro-Brito
553,Mike-Bronzoulis
554,Jorge-Patino
555,Antwain-Britt
556,Windri-Patilima
557,Jhonoven-Pati
558,Billy-Pasulatan
562,Willie-Parks
563,Onassis-Parungao
565,Jordan-Parsons
566,AJ-Matthews
570,Naoki-Matsushita
573,Koichiro-Matsumoto
575,Daijiro-Matsui
577,Kaik-Brito
579,Marcelo-Brito
580,Aaron-Brink
583,Robert-Breslin
584,Mack-Brewer
585,Tyra-Parker
586,HyunSung-Park
587,Marcos-Brigagao
589,Larry-Parker
590,JunYong-Park
592,Harvey-Park
593,Ryan-Parker
594,Won-Sik-Park
595,Al-Matavao
597,Jameel-Massouh
598,Tiffany-Masters
600,Islem-Masraf
603,Shoji-Maruyama
604,Max-Martyniouk
607,Chris-Brennan
612,Roman-Bravo-Young
613,Michael-Bravo
617,Remco-Pardoel
618,Ido-Pariente
620,Joe-Pardo
621,Bryan-Pardoe
622,Kathryn-Paprocki
624,Yuri-Panferov
626,Wagner-da-Conceicao-Martins
631,Melissa-Martinez
632,Andrew-Martinez
633,Poppies-Martinez
635,Billy-Brand
639,Ebenezer-Fontes-Braga
640,Adam-Bramhald
643,Colley-Bradford
645,Stephen-Palling
649,Tulio-Palhares
650,Eduardo-Pamplona
654,Ricky-Palacios
655,Rainy-Martinez
656,Michal-Martinek
657,Alonzo-Martinez
660,Dave-Martin
661,Joe-Martin
663,Ashe-Bowman
664,Justin-Martin
665,Melton-Bowen
668,Blake-Bowman
669,Anvar-Boynazarov
670,Kyron-Bowen
671,Dinis-Paiva-Jr.
672,Tai-Bowden
674,Josh-Paiva
677,Eric-Martin
680,David-Marshall
684,CJ-Marsh
685,Doug-Marshall
686,John-Marsh
687,Cesar-Marscucci
688,Mike-Bourke
689,Jess-Bouscal
690,Rich-Bouphanouvong
691,Roy-Boughton
692,Francois-Botha
693,Gregory-Bouchelaghem
694,Chris-Bostick
696,Marcus-Bossett
699,Gary-Padilla
700,Cyrillo-Padilha
704,George-Pacurariu
713,Christina-Marks
717,Zachary-Borrego
718,Calen-Born
722,Igor-Borisov
725,Gleidson-Cutis
730,Jose-Maria
734,Chris-Manuel
736,Dylan-Mantello
738,Steve-Mann
739,Marcos-Bonilla
742,Tony-Bonello
743,Luc-Bondole
745,Kyle-Bolt
747,Kotetsu-Boku
749,Pat-Curran
750,William-Currie
753,AJ-Cunningham
755,Larry-Cureton
756,Alton-Cunningham
759,Santo-Curatolo
760,Melchor-Manibusan
761,Melvin-Manhoef
762,Gary-Mangat
763,Hugo-Cunha
764,Michael-Mangan
766,Dan-Manasoiu
770,Jerry-Bohlander
771,Derek-Bohi
773,Jay-Bogan
775,Jeremy-Boczulak
781,Stevie-Lynch
782,Adam-Lynn
783,Lv-Zhenhong
785,Everett-Cummings
787,Chris-Culley
788,Abel-Cullum
789,Emilio-Cuellar
791,Timmy-Cuamba
793,Carl-Malenko
794,Marvin-Maldonado
795,Jay-Cucciniello
797,Jeremy-Malaterre
800,Dashawn-Boatwright
801,Aliev-Makhmud
802,Dan-Bobish
804,Arlene-Blencowe
807,David-Blanco
811,Da'Mon-Blackshear
814,Joilton-Lutterbach
815,Thaddeus-Luster
816,Travis-Lutter
818,Alexandru-Lungu
819,Paula-Luna
824,Richard-Crunkilton
826,Marcio-Cruz
829,Jeff-Crotty
831,Ken-Cross
832,Nayara-Maia
835,Klayton-Mai
836,Bill-Mahood
837,Michelle-Maher
839,-Maheshate
840,Sherrard-Blackledge
842,Jason-Blackford
845,Jason-Black
846,Caio-Bittencourt
847,Davi-Bittencourt
848,Simon-Biyong
851,Amaury-Bitetti
854,Cleber-Luciano
855,Lu-Zhengyong
856,Lu-Kai
857,Brandon-Lowe
858,Robert-Lucarelli
859,Joe-Lowry
862,Alexander-Crispim
864,Helena-Crevar
865,Alex-Crispin
866,Paul-Creighton
869,Lolohea-Mahe
878,Ibragim-Magomedov
879,Raimond-Magomedaliev
880,Chris-Birchler
883,Scott-Bills
884,Jonas-Bilharinho
885,Jeremiah-Billington
886,Bibulatov-Magomed
890,Mike-Kyle
891,Kaleo-Kwan
892,Jarrod-Kwitty
893,Lina-Kvokov
895,Kyle-Kurtz
896,Vadim-Kutsy
897,Ramazan-Kuramagomedov
898,Jakob-Lovstad
899,Eldari-Kurtanidze
901,Tsuyoshi-Kurihara
902,Rashard-Lovelace
907,Christopher-Lopez
913,Nikk-Covert
915,Kim-Couture
919,Vinicius-Magalhaes
923,Yoshiro-Maeda
925,KB-Bhullar
926,Fernando-Bettega
928,Anton-Berzin
930,Scott-Bessac
932,Allen-Berube
933,Dieusel-Berto
934,Khadzhi-Bestaev
935,Edson-Berto
937,Korey-Kuppe
939,Rizvan-Kuniev
940,Keigo-Kunihara
941,Sumit-Kumar
943,Maiju-Kujala
946,Federico-Lopez
949,Ivan-Lopez
950,Lucas-Lopes
953,Arthur-Lopes
954,Bruno-Lopes
956,Dave-Courchaine
958,JR-Coughran
962,JC-Cottrell
964,Oscar-Cota
965,Victor-Madrigal
970,Anthony-Macias
973,Keith-Berry
976,Pauline-Macias
977,Dave-Berry
980,Bret-Bergmark
983,Kenneth-Bergh
984,Len-Bentley
985,Junya-Kudo
986,John-Kuhner
987,Steve-Berger
988,Jorgen-Kruth
989,Mariusz-Ksiazkiewicz
991,Rene-Kronvold
992,Rocky-Long
995,Thomas-Longacre
999,Michael-Lombardo
1000,Sean-Loeffler
1001,Dylan-Lockard
1002,Christian-Lohsen
1003,Jadson-Costa
1006,Miguel-Cosio
1007,Chad-Corvin
1009,Ilima-Macfarlane
1010,Reyes-Cortez-Jr.
1011,Clayton-MacFarlane
1012,Guilherme-Costa
1013,Waldo-Cortes-Acosta
1014,Ryan-MacDonald
1015,Rob-MacDonald
1016,Pawan-Maan
1017,Rory-MacDonald
1019,Jason-MacDonald
1020,Pat-Benson
1021,Joe-Benoit
1023,Benjamin-Bennett
1025,Josh-Bennett
1026,DeAnna-Bennett
1027,Charles-Bennett
1032,Karla-Benitez
1033,Marcus-Kowal
1034,Ilya-Kotau
1035,Matt-Kovacs
1036,Iouri-Kotchkine
1039,Steve-Kozola
1042,John-Lober
1043,Wesley-Little
1044,Brian-Lo-A-Njoe
1050,Wesley-Correira
1053,Henry-Corrales
1055,Muhsin-Corbbrey
1056,Clint-Coronel
1057,Michael-Cora
1059,Mike-Bencic
1064,Andrey-Koreshkov
1067,Yousri-Belgaroui
1069,Andrei-Kopylov
1073,Yuki-Kondo
1075,Kaloyan-Kolev
1080,Emiliano-Linares
1081,Miguel-Linares
1083,Matt-Lindland
1085,Douglas-Lima
1087,Mabelly-Lima
1090,Kit-Cope
1091,Bobby-Cooper
1093,Brett-Cooper
1094,Bill-Cooper
1095,Dewey-Cooper
1101,Allan-Begosso
1104,Lyle-Beerbohm
1106,Eric-Bedard
1107,Tsuyoshi-Kohsaka
1108,Shingo-Kohara
1109,Brad-Kohler
1110,Sokun-Koh
1111,Chase-Beebe
1112,Charlie-Kohler
1113,Kelly-Kobold
1114,Isao-Kobayashi
1115,Seokhyeon-Ko
1117,Jeff-Bedard
1121,Jae-Suk-Lim
1122,Donnie-Liles
1123,Scott-Lighty
1124,Chris-Liguori
1125,Sam-Liera
1126,Zach-Light
1127,Chad-Cook
1128,Mike-Cook
1129,Jonathan-Contrestano
1130,Bob-Cook
1131,TJ-Cook
1132,Marcos-Conrado-Jr.
1133,Jeremiah-Constant
1135,Chris-Condo
1141,Bao-Quach
1142,Gary-Quan
1143,Vinicius-Queiroz
1145,Shungo-Oyama
1146,Craig-Oxley
1147,Qiu-Lun
1148,Valentijn-Overeem
1149,Sidney-Outlaw
1150,Artur-Oumakhanov
1152,Quemuel-Ottoni
1153,Salvador-Becerra
1154,Takafumi-Otsuka
1155,Rudy-Bears
1156,Donovan-Beard
1162,Seok-Hyeon-Ko
1163,Kevin-Knabjian
1168,Michael-Knaap
1170,Felix-Klinkhammer
1172,Stefan-Klever
1174,Rodrigo-Lidio
1176,Li-Yunfeng
1179,Brandon-Lewis
1181,Rose-Conceicao
1182,Chi-Lewis-Parry
1183,Malik-Lewis
1184,Willian-Colorado
1186,Jamie-Colleen
1187,Wes-Combs
1189,Cortez-Coleman
1194,Kurt-Osiander
1196,Jorge-Ortiz
1197,Kenji-Osawa
1200,Sean-Bassett
1201,Ryan-Bastianelli
1202,Stephen-Bass
1203,Austin-Bashi
1206,Seth-Kleinbeck
1209,Top-Noi-Kiwram
1210,Koji-Kitao
1213,Yurij-Kiseliov
1214,Satoru-Kitaoka
1218,John-Lewis
1222,Kyle-Levinton
1225,Chandler-Cole
1227,David-Levicki
1228,Justin-Levens
1229,Ivan-Cole
1230,Marcus-LeVesseur
1231,Devin-Cole
1232,Chris-Coggins
1233,Coltin-Cole
1234,Wayne-Cole
1237,Marc-Cofer
1239,Marloes-Coenen
1243,Sam-Oropeza
1245,Ricardo-Barros
1246,Chibwikem-Onyenegecha
1250,David-Barrios
1253,Jose-Barreto
1256,Carlos-Barreto
1260,So-Yul-Kim
1263,KyuSung-Kim
1264,SangWon-Kim
1265,Sangwook-Kim
1266,KyeungPyo-Kim
1267,Taiei-Kin
1268,Frank-Lester
1270,Michael-Lerma
1271,Lukasz-Les
1273,Chad-Leonhardt
1274,Anthony-Leone
1275,Kimo-Leopoldo
1276,Dave-Cochran
1278,Dakota-Cochrane
1279,Darryl-Cobb
1283,RJ-Clifford
1285,Cameron-Olson
1287,Casey-Olson
1288,Andy-Ologun
1289,Shana-Olsen
1292,Felipe-Olivieri
1293,Dennis-Olson
1294,Chris-Barnhizer
1296,Nick-Barnes
1297,Shonte-Barnes
1299,HanSeul-Kim
1300,MinWoo-Kim
1303,James-Barnes
1304,Jong-Man-Kim
1306,Jong-Won-Kim
1307,Min-Soo-Kim
1309,Jong-Wang-Kim
1311,Dae-Won-Kim
1312,Jin-Oh-Kim
1315,Alberta-Cerra-Leon
1316,Christophe-Leninger
1318,Gabe-Lemley
1320,Jean-Francois-Lenogue
1323,Giacomo-Lemos
1327,Diyar-Nurgozhay
1328,Stefan-Leko
1332,John-Clarke
1333,Shannon-Clark
1334,Jessica-Rose-Clark
1338,Mychal-Clark
1339,Dominic-Clark
1340,Bruno-Oliveira
1341,Logan-Clark
1353,Junior-Barata
1354,Yohan-Banks
1359,Sanae-Kikuta
1361,Akira-Kikuchi
1364,WonBin-Ki
1367,Sergei-Kharitonov
1368,Claudia-Leite
1369,Alfred-Khashakyan
1371,Cheyden-Leialoha
1372,Sherron-Leggett
1373,JungHyun-Lee
1376,Ricky-Legere-Jr.
1377,Rocky-Lee
1378,ChangHo-Lee
1379,JeongYeong-Lee
1380,Taiyilake-Nueraji
1386,Scott-Norton
1387,Jonatas-Novaes
1389,Laverne-Clark
1391,Johnny-Cisneros
1392,Nikolajus-Cilkinas
1396,Steven-Ciaccio
1397,Branko-Cikatic
1399,Takayuki-Okada
1400,JJ-Okanovich
1401,Michiyoshi-Ohara
1402,Koji-Oishi
1403,Ho-Taek-Oh
1408,Stephen-Banaszak
1409,Jin-Bala
1410,Scott-Baker
1412,-Balajin
1413,Bryan-Baker
1414,Jordan-Bailey
1416,Adam-Khaliev
1417,Ron-Keslar
1418,Will-Kerr
1420,Mark-Kerr
1422,Aurelijus-Kerpe
1423,Maimaitituoheti-Keremuaili
1424,Waylon-Kennell
1426,Imani-Lee
1429,Matt-Lee
1430,Tommy-Lee
1431,Eun-Soo-Lee
1432,Tae-Hyun-Lee
1433,Jackie-Lee
1436,David-Lee
1437,KJ-Noons
1438,Jan-Nortje
1439,Nick-Nolte
1441,Talita-Nogueira
1442,Cameron-Church
1444,Murad-Chunkaiev
1445,Rogerio-Nogueira
1447,Alexandre-Franca-Nogueira
1448,Dan-Christison
1450,Kevin-Christian
1452,Naoya-Ogawa
1453,Christian-Ocon
1455,Richard-Odoms
1456,Takahiro-Oba
1458,Nobuhiro-Obiya
1459,Jose-Ochoa
1469,Abdul-Azeem-Badakhshi
1470,Izabela-Badurek
1474,Steve-Kennedy
1478,John-Kelly
1480,CJ-Keith
1481,Mayana-Kellem
1483,Ryan-Keenan
1484,Stephen-Ledbetter
1487,Jerome-LeBanner
1492,Thanh-Le
1497,Jacob-Noe
1499,Derrick-Noble
1500,Kyle-Noblitt
1501,Yamato-Nishikawa
1502,Yosuke-Nishijima
1503,Akiyo-Nishiura
1505,Soichi-Nishida
1507,SeungWoo-Choi
1508,DongHun-Choi
1510,Dooho-Choi
1511,SeungGuk-Choi
1512,Hong-Man-Choi
1513,Mu-Bae-Choi
1514,Sako-Chivitchian
1515,Jeremiah-O'Neal
1517,Sean-O'Haire
1519,Dan-O'Connor
1523,TJ-O'Brien
1525,Jake-O'Brien
1528,Doug-Kay
1529,Ryo-Kawamura
1530,Canaan-Kawaihae
1531,Lone'er-Kavanagh
1534,Yusuke-Kawaguchi
1535,Jimmy-Lawson
1536,Eric-Lawson
1538,Lance-Lawrence
1541,Muhammed-Lawal
1542,Guangyou-Ning
1543,Chatt-Lavender
1545,Fedor-Nikolov
1546,Hans-Nijman
1548,Jack-Nilson
1550,Jaimelene-Nievera
1552,Khomkrit-Niimi
1554,Mark-Cherico
1555,Ion-Cherdivara
1556,Gabriel-Checco
1558,Albert-Cheng
1562,Emilio-Chavez
1565,Hisaki-Kato
1566,Tetsuji-Kato
1567,Jinnosuke-Kashimura
1572,Sandra-Lavado
1573,Sione-Latu
1578,Bobby-Lashley
1579,Ryan-Larson
1589,Emanuel-Newton
1591,Dan-Charles
1592,Joe-Charles
1597,Donnie-Chappell
1598,Ansar-Chalangov
1599,Georgi-Karakhanyan
1601,David-Kaplan
1607,Ken-Kaneko
1610,Hiromitsu-Kanehara
1611,Bharat-Kandare
1612,Icho-Larenas
1613,Lionel-Lanham
1614,Aaron-Lanfranco
1615,Jeremy-Lang
1616,TJ-Laramie
1623,Nick-Newell
1624,Jeff-Newton
1625,Carlos-Newton
1626,Julio-Cesar-Neves-Jr.
1628,Eduardo-Neves
1629,Mario-Neto
1630,Lissette-Neri
1632,Raffael-Cerqueira
1634,Jared-Chaffee
1636,Vinicius-Cenci
1641,Igor-Cavalcanti
1642,Mando-Gutierrez
1645,Justin-Guthrie
1646,Koya-Kanda
1651,Bryson-Kamaka
1654,Jose-Landi-Jons
1657,Sean-Lally
1658,-Kaiwen
1662,Tim-Lajcik
1663,Geza-Kalman
1664,Todd-Lally
1665,Tina-Lahdemaki
1666,Steve-Nelmark
1672,Joe-Neal
1673,Josh-Neal
1679,Gesias-Cavalcante
1680,Jenna-Castillo
1682,Raul-Castillo
1683,Andreas-Gustafsson
1684,Gugun-Gusman
1686,Tim-Catalfo
1689,Fabio-Gurgel
1692,Brad-Gumm
1695,Ben-Lagman
1697,Corinne-Laframboise
1699,Patrick-Kaase
1700,Kemran-Lachinov
1702,Ryan-LaFlare
1703,Luan-Lacerda
1705,Jeremiah-Labiano
1706,Marcio-Navarro
1708,Danny-Navarro
1710,Pawel-Nastula
1711,Reza-Nasri
1713,Nasrudin-Nasrudinov
1714,Eric-Castile
1715,Gil-Castillo
1716,Bendy-Casimir
1718,Brandon-Cash
1719,Joe-Cason
1722,Leonardo-Guimaraes
1725,Chris-Guillen
1726,Dwayne-Cason
1727,Jason-Guida
1730,Rainn-Guerrero
1733,Fabricio-Guerreiro
1734,Fabio-Nascimento
1740,Yasuhito-Namekawa
1743,Hiroshi-Izumi
1747,Rafael-Carvalho
1748,Saygid-Izagakhmaev
1750,Jack-Cartwright
1751,Bruno-Carvalho
1752,Scott-Carson
1753,Jonny-Carson
1754,Roger-Carroll
1756,Shonie-Carter
1762,Yoshihiro-Nakao
1765,Garrett-Gross
1766,Yusaku-Nakamura
1768,Daisuke-Nakamura
1769,Jutaro-Nakao
1773,Andrews-Nakahara
1774,Yura-Naito
1775,Tatsuya-Iwasaki
1776,Tomomi-Iwama
1781,Tokimitsu-Ishizawa
1782,Wallid-Ismail
1783,Eiji-Ishikawa
1784,Yuki-Ishikawa
1785,Satoshi-Ishii
1788,Cody-Carrillo
1789,Gabriel-Carrasco
1791,Tim-Caron
1799,Scott-Junk
1802,Rodrigo-Gripp-de-Sousa
1804,Chuck-Grigsby
1808,Yukiya-Naito
1811,Logan-Nail
1812,Katsuhiko-Nagata
1813,Greg-Nagy
1814,Yuji-Nagata
1815,Eric-Irvin
1816,Mitsuhiro-Ishida
1817,Issa-Isakov
1820,Jason-Ireland
1821,Jorge-Interiano
1822,Takeshi-Inoue
1825,Egan-Inoue
1826,Don-Carlo-Clauss
1828,Katsuya-Inoue
1829,Rafael-Carino
1830,Ronald-Carillo
1831,Phil-Cardella
1832,Remo-Cardarelli
1834,Edgar-Cardenas
1835,Young-Sam-Jung
1837,Bu-Kyung-Jung
1839,Steve-Judson
1843,Jesse-Juarez
1844,Ernie-Juarez
1845,Tony-Juarez
1846,Dustin-Joynson
1852,Kevin-Gray
1853,James-Gray
1855,Shelton-Graves
1856,King-Green
1857,Sam-Greco
1859,Chris-Inman
1860,Enson-Inoue
1861,Michael-Imperato
1862,Brad-Imes
1864,Yusuke-Imamura
1866,Mikhail-Iloukhine
1868,Masakazu-Imanari
1869,Dos-Caras-Jr.
1870,Frank-Caracci
1871,Phil-Caracappa
1872,Gina-Carano
1873,Cody-Canterbury
1875,Jose-Canseco
1876,Bo-Cantrell
1877,Paul-Capaldo
1878,Mike-Joy
1884,Jeff-Joslin
1886,Dwight-Joseph
1887,Gareth-Joseph
1894,TJ-Grant
1896,Scott-Graham
1898,Steven-Graham
1899,Bogdan-Grad
1900,Fabiano-Iha
1903,Seichi-Ikemoto
1904,Sergey-Ignatov
1905,Valeri-Ignatov
1907,Minoki-Ichihara
1910,Ronaldo-Candido
1911,Asbel-Cancio
1915,Derek-Campos
1916,Luiz-Cane
1917,John-Campetella
1918,Joe-Jordan
1919,Wagner-Campos
1920,Kevin-Jordan
1921,Jocelyn-Jones-Lybarger
1922,Craig-Jones
1923,Jacobi-Jones
1924,Jamelle-Jones
1925,Antonio-Jones
1927,Roshaun-Jones
1929,Neiman-Gracie
1930,Igor-Gracie
1932,Cesar-Gracie
1933,Ralek-Gracie
1935,Rodrigo-Gracie
1936,Royler-Gracie
1937,Thomas-Campbell
1939,Ryan-Gracie
1940,Mike-Campbell
1943,Ricky-Camp
1944,Lucas-Camacho
1947,Chris-Jones
1948,Victor-Jones
1949,Ben-Jones
1951,Tito-Jones
1952,Jesse-Jones
1954,Roy-Jones
1955,Nathan-Jones
1956,Carlton-Jones
1958,Royce-Gracie
1959,Rickson-Gracie
1960,Ralph-Gracie
1961,Daniel-Gracie
1962,Crosley-Gracie
1963,Patryk-Grabowski
1964,Justin-Governale
1966,Hugo-Govea
1967,Nicolle-Caliari
1968,Taylor-Callens
1969,Darrion-Caldwell
1971,Ricky-Calatayud
1972,Travis-Calanoc
1976,Alvin-Cacdac
1977,Paul-Jones
1980,Chad-Johnson
1982,Brian-Johnston
1984,Taylor-Johnson
1987,Todd-Gouwenberg
1988,Tony-Johnson
1998,Tebaris-Gordon
1999,Young-Hwang
2000,Solomon-Hutcherson
2001,Alex-Hunter
2002,Joe-Hurley
2003,Adam-Hunter
2010,Deshaun-Johnson
2014,Tony-Johnson
2015,Travis-Johnson
2016,Ricky-Johnson
2019,Gerard-Gordeau
2020,Jordan-Goodwin
2021,Gary-Goodridge
2022,Abongo-Humphrey
2023,Dominik-Humburger
2026,Kier-Gooch
2028,Bryan-Humes
2029,David-Hulett
2032,Mark-Hughes
2034,DaMarques-Johnson
2035,Casey-Huffman
2039,Carls-John-De-Tomas
2041,Phil-Johns
2042,Jinensibieke-Asikeerbai
2044,-Jiniushiyue
2046,Neal-Ewing
2049,Ashlee-Evans-Smith
2057,Billy-Evangelista
2059,Mikey-Gonzalez
2062,Jorge-Gonzalez
2063,Fabian-Gonzalez
2064,Nick-Gonzalez
2065,Alex-Huddleston
2066,Fernando-Gonzalez
2069,Collin-Huckbody
2070,Huang-Feier
2072,Yuele-Huang
2075,Brady-Huang
2077,Art-Jimmerson
2078,Ronald-Jhun
2079,Gilbert-Jimenez
2080,Chan-Mi-Jeon
2084,Kyle-Jensen
2086,Scott-Ettling
2087,Fred-Ettish
2089,Achilles-Estremadura
2092,Steve-Jennum
2094,Justin-Gonzales
2102,Edson-Gomez
2104,Luis-Gomez
2109,Bill-Duvall
2111,Rilley-Dutro
2113,Luiz-Dutra
2115,Harold-Howard
2117,Trey-Houston
2119,Jamie-Houston
2122,John-Hosman
2123,Saeed-Hosseini
2125,Adrienna-Jenkins
2126,Jamey-Lyn-Horth
2127,Aaron-Jeffery
2129,Bubba-Jenkins
2130,Trent-Jenkins
2134,Louis-Jauregui
2135,Evan-Esguerra
2138,Chel-Erwin-Davis
2139,Nick-Ertl
2140,Pro-Escobedo
2142,Eric-Esch
2145,Bobby-Escalante
2146,Alan-Gomez
2147,David-Gomez
2150,Frank-Gomez
2151,Sergio-Gomez
2152,Amiran-Gogoladze
2153,Jonny-Goh
2154,Billy-Ray-Goff
2157,Alex-Dunworth
2160,Kelly-Dullanty
2162,Islam-Dulatov
2167,Matt-Horning
2168,Chris-Horodecki
2171,Moti-Horenstein
2178,Josh-Jarvis
2179,Dave-Jansen
2180,Jaime-Jara
2182,Josh-Janousek
2183,Gigo-Jara
2188,Won-Jin-Eoh
2189,Tom-Erikson
2191,Josh-Epps
2195,Alex-Enlund
2196,Kenny-Ento
2197,Clint-Godfrey
2198,Allan-Goes
2199,Jason-Godsey
2200,Mike-Glenn
2203,Brandon-Girtz
2204,Israel-Giron
2205,Jason-Glaza
2208,Jack-Duffy
2210,Adin-Duenas
2214,Satoshi-Honma
2216,SeongChan-Hong
2217,David-Hood
2218,Chris-Honeycutt
2219,Lorenzo-Hood
2220,JunYoung-Hong
2223,Justin-James
2224,Richard-Jacobi
2230,Eric-Jacob
2231,Kevin-Engel
2232,Kolton-Englund
2234,Jason-Jackson
2235,Kenyon-Jackson
2236,Marius-Enache
2240,Aleksander-Emelianenko
2241,Fedor-Emelianenko
2242,He-Man-Gipson
2244,Demetrius-Gioulacos
2245,Alex-Gilpin
2246,Eperaim-Ginting
2247,Billy-Giovanella
2248,Bob-Gilstrap
2249,Krishaun-Gilmore
2251,Yuneisy-Duben
2253,Jason-Gilliam
2254,Hugo-Duarte
2255,Matthieu-Duclos
2256,Joe-Duarte
2258,Antonio-Duarte
2261,Chris-Drumm
2262,Kyle-Driscoll
2264,Ben-Holscher
2267,Anthony-Drilich
2270,Jeremie-Holloway
2271,Jeremy-Jackson
2272,Gabrielle-Holloway
2274,Rex-Holman
2275,Eugene-Jackson
2278,Sovannahry-Em
2279,Kevin-Jackson
2280,Aaron-Ely
2284,Eddy-Ellis
2286,Jesse-Gillespie
2290,Kultar-Gill
2294,Joey-Gilbert
2296,Kenny-Giddens
2297,Lee-Gibson
2298,Chase-Gibson
2300,Lance-Gibson
2301,Derek-Downey
2303,Edson-Drago
2304,John-Doyle
2305,John-Dowdy
2306,Jordan-Dowdy
2307,Cedric-Doumbe
2308,Damion-Douglas
2309,Oleksandr-Doskalchuk
2310,David-Douglas
2313,Tiago-dos-Santos-e-Silva
2316,Sean-Holden
2318,Chris-Hofmann
2319,Bobby-Hoffman
2320,Sam-Hoger
2322,Saul-Elizondo
2323,Joao-Elias
2325,John-Paul-Elias
2327,John-Elam
2330,Justin-Eilers
2334,Joe-Giannetti
2335,Nick-Gibbons
2336,Tom-Egan
2337,Tiki-Ghosn
2339,Derek-Getzel
2341,Darrel-Gholar
2342,Brian-Geraghty
2344,Felipe-dos-Santos
2346,Rayanne-dos-Santos
2348,Geronimo-dos-Santos
2349,Antonio-Dos-Santos
2350,Acacio-Dos-Santos
2351,Houston-Dorr
2353,Dong-Huaxiang
2354,An-Tuan-Ho
2356,Yuji-Hisamatsu
2360,Branden-Lee-Hinkle
2361,Alan-Hiro
2363,Kailan-Hill
2365,Tyler-Hill
2366,Adli-Edwards
2372,Abdul-Kerim-Edilov
2374,Roybert-Echeverria
2377,Charlene-Gellner
2380,Ateba-Gautier
2381,Chad-George
2382,Sean-Gauci
2383,Manuel-Gaxhja
2387,Dennis-Dombrow
2389,John-Donaldson
2390,OJ-Dominguez
2391,Brian-Gassaway
2394,CB-Dollaway
2395,Mike-Dolce
2396,David-Dodd
2397,AJ-Dobson
2400,Alex-Higley
2402,Isaiah-Hill
2403,Lee-Higgins
2404,Richie-Hightower
2409,Ross-Ebanez
2410,Marcus-Hicks
2411,Conor-Heun
2412,Vincent-Eazelle
2415,Maurice-Eazel
2417,Ben-Earwood
2420,David-Gardner
2423,Rulon-Gardner
2426,Nick-Garcia
2428,Alejandro-Garcia
2429,Anthony-Do
2433,Matt-Dixon
2434,John-Dixson
2435,Rico-DiSciullo
2436,Helio-Dipp
2438,Drew-Dimanlig
2439,Rodolfo-Marques-Diniz
2442,Brandon-Hester
2443,Jon-Hess
2445,Alvaro-Herrera-Mendoza
2446,Paul-Herrera
2447,Chris-Herrera
2455,Junye-Gao
2457,Sean-Gannon
2458,Ariel-Gandulla
2461,Josh-Diekmann
2462,Seth-Dikun
2464,Ralph-Dillon
2465,TJ-Dillashaw
2466,Mark-Dickman
2467,Kyle-Dietz
2468,Ozzy-Diaz
2469,Adrian-Diaz
2470,Ryan-Diaz
2471,Michael-Diaz
2474,Joe-Hernandez
2477,Noe-Hernandez
2482,Lucas-Gamaza
2483,Andre-Galvao
2485,TJ-Hepburn
2486,Marcos-Galvao
2487,Eric-Galvan
2489,Daniel-Gallemore
2490,Turrell-Galloway
2492,Victor-Dias
2494,Zelg-Galesic
2496,Eldo-Xavier-Dias
2498,Rafael-Dias
2501,Thomas-Diagne
2505,Jose-Henrique
2506,Diego-Henrique-da-Silva
2509,Ron-Henderson
2510,Brandon-Gaines
2513,Travis-Galbraith
2517,Alavutdin-Gadjiev
2518,Gustavo-Gabriel
2523,John-Devine
2526,Cory-Devela
2527,Tony-DeSouza
2528,Micol-Di-Segni
2531,Elisha-Helsper
2532,Edwin-DeWees
2533,Booker-DeRousse
2538,Matt-Helm
2543,Spencer-Hearns
2545,Thomas-Denny
2546,Robert-Densley
2547,James-Gabert
2550,Justin-DeMoney
2552,Jason-DeLucia
2554,Ante-Delija
2555,Ryan-Healy
2560,Josh-Haynes
2561,Ryan-Hayes
2563,Gerric-Hayes
2564,Mike-Hayes
2565,Chris-Hawk
2566,Humberto-DeLeon
2567,Wallen-Del-Rosario
2568,Israel-Delgado
2569,Del-Hawkins
2570,Shane-del-Rosario
2572,Rafael-Del-Real
2573,Issac-DeJesus
2574,Tom-DeBlass
2576,Justin-Hawes
2578,Crezio-de-Souza
2582,Ahmad-Hassanzada
2583,Daiki-Hata
2584,Tomohiko-Hashimoto
2585,Takayo-Hashi
2586,Justin-Haskins
2588,Isabela-de-Padua
2589,Chris-Haseman
2590,Edilberto-de-Oliveira
2592,Johil-de-Oliveira
2593,Rodrigo-de-Lima
2594,Mike-de-la-Torre
2595,Mark-De-La-Rosa
2596,Montana-De-La-Rosa
2597,Hidehiko-Hasegawa
2599,Chris-de-la-Rocha
2602,Joey-Hart
2603,Luke-Hartwig
2604,Trevor-Harris
2605,Dhafir-Harris
2608,Angel-De-Anda
2611,Philip-De-Fries
2613,Yorgan-De-Castro
2617,Gerry-Harris
2619,Josiah-Harrell
2620,Scott-Harper
2623,Baru-Harn
2624,Tobias-Harila
2625,Danny-Davis
2628,Lemont-Davis
2629,Justin-Davis
2631,LC-Davis
2633,Rick-Davis
2635,Veronica-Hardy
2636,George-Hardwick
2638,Janay-Harding
2643,Joachim-Hansen
2644,Chad-Hanekom
2645,Brian-Davidson
2647,Sean-Daugherty
2648,Karen-Darabedyan
2651,Alexandre-Dantas
2652,Eduardo-Dantas
2654,Dean-Hancock
2655,Anvarbek-Daniyalbekov
2656,Jeremy-Hamilton
2660,Rami-Hamed
2661,Kazuhiro-Hamanaka
2662,CJ-Hamilton
2664,Frank-Hamaker
2665,Marques-Daniels
2666,Batgerel-Danaa
2668,Carina-Damm
2669,Raymond-Daniels
2671,Marko-Damiani
2674,Leonardo-Damiani
2677,Brandon-Halsey
2678,Tony-Halme
2683,Mark-Hall
2684,Kevin-Haley
2686,Richard-Dalton
2687,Dave-Dalgliesh
2688,Alex-Da-Silva
2690,Henrique-Da-Silva-Lopes
2692,Yazan-Hajeh
2693,Ariane-da-Silva
2695,Stoney-Hale
2696,Steve-Hadsel
2699,Keith-Hackney
2702,Cody-Haddon
2703,Katsuaki-Furuki
2704,Sarah-D'alelio
2705,Chelsea-Hackett
2706,Masakatsu-Funaki
2709,Sam-Fulton
2710,Travis-Fulton
2711,Keisuke-Fujiwara
2713,Megumi-Fujii
2714,Kazuyuki-Fujita
2715,Katsuhisa-Fujii
2717,Tony-Fryklund
2718,Jesse-Fujarczyk
2720,Don-Frye
2721,Daniel-Frunza
2722,Artem-Frolov
2723,Clay-French
2727,Donavon-Frelow
2728,Jeremy-Freitag
2729,Mike-French
2730,Rafael-Freitas
2731,Patricky-Freire
2733,Patricio-Freire
2734,Stephanie-Frausto
2735,Ian-Freeman
2736,Zane-Frazier
2737,Gary-Frazier
2738,Jason-Freeman
2739,Zoila-Frausto
2742,John-Franchi
2743,Francisco-France
2744,Glaico-Franca-Moreira
2746,Brandon-Foxworth
2751,Xavier-Foupa-Pokam
2753,Raheam-Forest
2754,Brianna-Fortino
2755,Codale-Ford
2756,Claudionor-Fontinelle
2757,Sterling-Ford
2759,AJ-Fonseca
2761,Matt-Foki
2762,Bobby-Flynn
2763,Cody-Floyd
2764,Mal-Foki
2768,AJ-Fletcher
2769,Alejandro-Flores
2770,Ty-Flores
2773,Luke-Flores
2774,Isi-Fitikefu
2776,Bryanna-Fissori
2779,Luiz-Firmino
2783,Jan-Finney
2785,Torrez-Finney
2786,Brady-Fink
2788,Paulo-Filho
2790,Jesse-Finney
2793,Anthony-Figueroa
2797,Ron-Fields
2798,Scott-Fiedler
2800,Drew-Fickett
2802,Timo-Feucht
2803,Scott-Ferrozzo
2804,Erisson-Ferreira
2808,Lucas-Fernando
2809,Emily-Fernandez
2812,Bibiano-Fernandes
2813,CJ-Fernandes
2815,Feng-Xiaocan
2817,Feng-Pengchao
2818,Rhadi-Ferguson
2819,Kevin-Ferguson
2820,JP-Felty
2821,Rodney-Faverus
2824,Rico-Farrington
2826,Chance-Farrar
2827,Joao-Paulo-Faria
2831,Jair-Farias
2833,Jason-Fairn
2834,Ron-Faircloth
2839,Luciano-Azevedo
2842,Luiz-Azeredo
2844,Saad-Awad
2846,Javy-Ayala
2849,Levi-Avera
2850,Anthony-Avila
2851,David-Avellan
2852,Jose-Augusto
2854,Blas-Avena
2857,Bazigit-Atajev
2859,Olivier-Aubin-Mercier
2860,Michael-Aswell-Jr.
2870,Bruno-Assis
2872,-Asjabharan
2873,Arman-Ashimov
2874,Teddy-Ash
2876,Kai-Asakura
2877,Gilles-Arsene
2881,Veta-Arteaga
2882,Eli-Aronov
2883,Chalid-Arrab
2884,Ricardo-Arona
2886,Hashem-Arkhagha
2887,Reza-Arianto
2889,Gabriel-Arges
2890,Joey-Armstrong
2891,Tristan-Arenal
2899,Art-Arciniega
2900,Kenji-Arai
2901,Erik-Apple
2902,Josh-Appelt
2903,-Aoriqileng
2905,Romie-Aram
2907,Adam-Antolin
2909,Yoji-Anjo
2910,Shinya-Aoki
2914,Angelo-Antonio
2916,Julius-Anglickas
2917,-Angga
2919,Fellipe-Andrew
2921,Alex-Andrade
2922,Juan-Andres-Luna
2923,Jermaine-Andre
2925,Lowell-Anderson
2926,Liam-Anderson
2928,Tatsuya-Ando
2929,Matt-Andersen
2931,Andy-Anderson
2932,Derek-Anderson
2933,Bertrand-Amoussou
2935,Karl-Amoussou
2940,JJ-Ambrose
2941,Hamid-Amiri
2942,Jimmy-Ambriz
2943,Chris-Amarante
2944,Maiara-Amanajas-dos-Santos
2947,Andre-Amado
2953,Anthony-Alves
2955,Jaime-Alvarez
2956,Sean-Alvarez
2957,Patricia-Alujas
2960,Ali-AlQaisi
2961,Rico-Altamirano
2962,Mauricio-Alonso
2966,Mike-Altman
2967,Estefani-Almeida
2970,Magno-Almeida
2971,John-Dave-Almanza
2974,Daniel-Allen
2976,Asu-Almabayev
2978,George-Allen
2981,Leon-Aliu
2984,Royce-Alger
2987,Amir-Aliakbari
2988,Levi-Alford
2989,Pablo-Alfonso
2990,Marcio-Alexandre-Junior
2992,Kenneth-Alexander
2994,Olaf-Alfonso
2997,JJ-Aldrich
3001,Jose-Alday
3003,Gilbert-Aldana
3004,Juan-Alcain
3006,Aleksandra-Albu
3009,Alfonso-Alcarez
3010,Israel-Albuquerque
3013,Brett-Albee
3014,-Alatengheili
3015,Herdem-Alacabek
3016,Wes-Albritton
3017,Javi-Alanis
3018,Mostapha-Al-Turk
3020,Razak-Al-Hassan
3021,Abdul-Kareem-Al-Selwady
3022,Hitomi-Akano
3025,Mike-Aina
3027,Ashiek-Ajim
3033,Fabio-Aguiar
3034,Edwin-Aguilar
3036,Marcelo-Aguiar
3037,Nick-Agallar
3038,Kantharaj-Agasa
3039,Sam-Adkins
3040,Anthony-Adams
3043,Scott-Adams
3045,John-Adajar
3047,Daniel-Acacio
3048,Cyborg-Abreu
3053,Mansur-Abdul-Malik
3054,Hamdy-Abdelwahab
3055,Hiroyuki-Abe
3056,Nariman-Abbasov
3057,Danny-Abbadi
3058,Tom-Aaron
3059,David-Abbott
3060,Osamu-Tachihikari
3061,Joe-Taimanglo
3064,Amber-Tackett
3065,Eugenio-Tadeu
3067,Yoshihiro-Takayama
3068,Daiju-Takase
3069,Sho-Patrick-Usami
3070,Yoko-Takahashi
3071,Hiroyuki-Takaya
3072,Sai-Wang
3074,Yoshihisa-Yamamoto
3075,Benji-Radach
3076,Chase-Waldon
3077,Sora-Rakhmonova
3078,Ian-Rammel
3079,Yusup-Saadulaev
3080,Stephen-Regman
3081,John-Salgado
3082,Dylan-Salvador
3085,Evangelista-Santos
3087,Zach-Zane
3088,Brendan-Seguin
3089,Ray-Sefo
3091,Ray-Seraille
3092,Rafael-Silva
3093,Dan-Severn
3094,Kiran-Singh
3096,Josh-Shockman
3098,Dmitri-Stepanov
3099,Charon-Spain
3100,Justin-Sumter
3101,Bartosz-Szewczyk
3102,Tyler-Stinson
3103,Tony-Sylvester
3104,Leo-Sylvest
3105,Kevin-Szaflarski
3106,Kevin-Syler
3107,Bentley-Syler
3110,Floyd-Sword
3112,Daniel-Swain
3113,Danilo-Suzart
3114,Joel-Sutton
3115,Chad-Sutton
3117,-Sumudaerji
3118,Aji-Susilo
3119,Rama-Supandhi
3121,Naho-Sugiyuma
3122,Amar-Suloev
3124,Magomed-Sultanakhmedov
3125,Jason-Suttie
3126,Takashi-Sugiura
3128,Daisuke-Sugie
3129,Lucasz-Sudolski
3130,Genki-Sudo
3131,Masanori-Suda
3132,Kyle-Sturgeon
3133,Josh-Stuart
3136,Gerald-Strebendt
3138,Daniel-Straus
3140,Gennaro-Strangis
3141,Dave-Strasser
3144,Tim-Stout
3145,Greg-Stott
3146,Curtis-Stout
3150,George-Stork
3152,Ryan-Stonitsch
3156,Lazar-Stojadinovic
3159,Navajo-Stirling
3160,Alex-Stiebling
3162,Maia-Stevenson
3163,Luke-Stewart
3167,Marc-Stevens
3169,Eric-Steenberg
3170,Ray-Steinbeiss
3172,Kody-Steele
3173,Ricky-Steele
3175,Adam-Steele
3178,Lucas-Stark
3182,Dion-Staring
3185,Bobby-Stack
3188,Georges-St-Pierre
3190,Daniel-Spohn
3191,Pete-Spratt
3194,Waachiim-Spiritwolf
3196,Nick-Sperling
3197,Mario-Sperry
3198,Sam-Spengler
3201,Ron-Sparks
3203,Andreas-Spang
3204,Patrick-Speight
3206,Jose-Heraldo-Souza
3210,Bobby-Southworth
3214,Mario-Soto
3215,Mario-Sousa
3216,Jacare-Souza
3223,Dmitry-Sosnovskiy
3227,Emiliano-Sordi
3228,Cody-Sons
3229,Benardo-Sopaj
3231,YoungJae-Song
3232,Emrah-Sonmez
3234,Joe-Son
3235,Paul-Song
3237,Chris-Solomon
3238,Alexander-Soldatkin
3240,Rameau-Thierry-Sokoudjou
3242,Denis-Sobolev
3244,Shimon-Smotritsky
3245,Devin-Smyth
3248,Cameron-Smotherman
3249,Walter-Smith-Cotito
3250,Justin-Smitley
3252,Nate-Smith
3259,Dillon-Smith
3260,David-Smith
3262,Adam-Smith
3263,Josh-Smith
3264,Eric-Smith
3266,Patrick-Smith
3267,Kestutis-Smirnovas
3268,Scott-Smith
3269,Zach-Skinner
3270,Maurice-Smith
3271,Ray-Sloan
3272,Joe-Slick
3273,Matt-Skelton
3274,Brian-Sleeman
3276,Jeri-Sitzes
3278,Yokthai-Sithoar
3279,Jeremia-Siregar
3280,Gian-Siqueira
3281,Mitchell-Sipe
3282,AJ-Siscoe
3284,Elvis-Sinosic
3286,Rory-Singer
3287,Rob-Sinclair
3288,Lodune-Sincaid
3289,Everett-Sims
3291,Marlon-Sims
3293,Wes-Sims
3297,Marcus-Silveira
3298,Leonardo-Silva-de-Oliveira
3300,Jhonata-Silva
3301,Janaina-Silva
3304,Maria-Silva
3307,Jansey-Silva
3310,Jacob-Silva
3313,Dayana-Silva
3318,Fabio-Silva
3322,Edson-Silva
3324,Sidney-Silva
3326,Paulo-Cesar-Silva
3329,Xavier-Siller
3330,Siala-Siliga
3331,Kiril-Sidelnikov
3334,Assuerio-Silva
3335,Ronal-Siahaan
3337,Brandon-Shuey
3339,Ivan-Shtyrkov
3342,Landon-Showalter
3343,Akira-Shoji
3345,Wes-Shivers
3346,Yuya-Shirai
3347,Alexander-Shlemenko
3348,Wade-Shipp
3350,Raja-Shippen
3351,Henrique-Shiguemoto
3353,Katsuyori-Shibata
3354,Shi-Ming
3359,Jason-Sharp
3361,Priya-Sharma
3362,Shang-Zhifa
3363,Frank-Shamrock
3364,Ken-Shamrock
3366,Leon-Shahbazyan
3370,Scott-Shaffer
3372,Casey-Ryan
3374,Bas-Rutten
3376,Carl-Seumanutafa
3378,Adrian-Serrano
3379,Nick-Serra
3381,Nicholas-Sergiacomi
3383,Alex-Serdyukov
3384,Montserrat-Conejo-Ruiz
3386,Anthony-Ruiz
3387,Paul-Ruiz
3388,Eddie-Ruiz
3391,Rodolfo-Rubio-Perez
3392,Rodrigo-Ruas
3393,Kim-In-Seok
3394,YeDam-Seo
3395,Brandon-Sene
3398,Andrei-Semenov
3401,Tetsuya-Seki
3402,Marco-Ruas
3404,Murilo-Rua
3406,Brad-Royster
3408,Kain-Royer
3409,Cameron-Rowston
3411,Rony-Sefo
3413,Kenneth-Seegrist
3414,Mike-Seal
3415,Roberta-Rovel
3416,Matt-Secor
3417,Louis-Lee-Scott
3419,Greg-Scott
3420,Ray-Routh
3422,Rick-Roufus
3423,Kristian-Rothaermel
3424,Nick-Rossborough
3428,Wesley-Schultz
3430,Eric-Schwartz
3431,Mark-Schultz
3432,Nate-Schroeder
3433,Lacey-Schuckman
3434,Brian-Schwartz
3436,Bob-Schrijber
3437,Zach-Rosol
3439,Bailey-Schoenfelder
3440,Kevin-Rosier
3441,Hilarie-Rose
3442,Jacob-Rosales
3449,Alex-Schoenauer
3450,Colleen-Schneider
3451,Daniel-Schmitt
3452,Adam-Schindler
3453,Joe-Schilling
3454,Semmy-Schilt
3456,Joao-Roque
3459,Fabiano-Scherner
3463,-Rongzhu
3464,Cortavious-Romious
3465,Kaleio-Romero
3466,Anthony-Romero
3468,Virgil-Zwicker
3469,George-Zuniga
3470,Alex-Zuniga
3471,Allan-Zuniga
3472,Dave-Zitanick
3473,Igor-Zinoviev
3475,Errol-Zimmerman
3476,Mike-Zichelle
3478,James-Zikic
3479,Matheus-Scheffel
3480,Antonio-Schembri
3481,Eric-Schambari
3482,Kerry-Schall
3483,Brandon-Sayles
3485,Mikheil-Sazhiniani
3486,Mark-Scanlon
3488,Tim-Roman
3493,Pete-Rogers-Jr.
3496,Brett-Rogers
3497,Brian-Rogers
3500,Zhu-Kangjie
3502,Daria-Zhelezniakova
3506,Zhang-Tiequan
3509,Chad-W.-Saunders
3510,Tom-Sauer
3511,Lumumba-Sayers
3512,Uran-Satybaldiev
3513,Jeimeson-Saudino
3516,Townsend-Saunders
3525,Carlos-Zevallos
3526,Rickson-Zenidim
3528,Craig-Zellner
3529,Roman-Zentsov
3534,Marius-Zaromskis
3537,Masaaki-Satake
3543,Alexander-Sarnavskiy
3544,Kyosuke-Sasaki
3545,Yuki-Sasaki
3547,Harris-Sarmiento
3551,Paul-Rodriguez
3553,Kevin-Roddy
3554,Joao-Zaiden
3556,Elizeu-Zaleski-dos-Santos
3557,Ricco-Rodriguez
3562,Bob-Sapp
3563,Djorden-Santos
3564,Nick-Sanzo
3569,Edivan-Santos
3570,Marilia-Santos
3571,Lucas-Rocha
3573,Keith-Rockel
3576,Pedro-Rocha
3577,Damonte-Robinson
3579,Mark-Robinson
3580,Gleristone-Santos
3583,Andre-Santos
3587,Luis-Santos
3588,Chad-Robichaux
3590,Taylor-Roberts
3598,Richie-Santiago
3599,Paulo-Santos
3600,Adriano-Santos
3601,Art-Santore
3602,Will-Santiago
3604,Jose-Santibanez
3606,Tyrone-Roberts
3607,Sean-Santella
3608,Joey-Roberts
3609,David-Roberts
3610,Andre-Roberts
3611,Kali-Robbins
3612,Theo-Rlayang
3613,Pedro-Rizzo
3614,Justin-Robbins
3617,Shaheen-Santana
3618,Martin-Sano
3619,Jonathan-Santa-Maria
3620,Roldan-Sangcha'an
3621,Yuhi-Sano
3623,Chris-Sanford
3624,Nicdali-Rivera-Calanoc
3631,Mario-Rivera
3632,Jonathan-Rivera
3634,Raul-Sandoval
3635,Hugo-Sandoval
3639,Robert-Sanchez
3641,Emmanuel-Sanchez
3644,Erick-Sanchez
3645,Maria-Rios
3646,Shannon-Ritch
3647,Rafael-Rios
3648,Albert-Rios
3650,Robbie-Ring
3651,Moise-Rimbon
3655,Donald-Sanchez
3656,Julian-Sanchez
3657,Bobby-Sanchez
3658,Johnny-Sampaio
3662,Luke-Riley
3663,Josh-San-Diego
3665,Jason-Riley
3670,Jeremiah-Riggs
3674,Dave-Rickels
3676,Quillan-Salkilld
3677,Brandon-Saling
3678,Sean-Salmon
3679,Mike-Richman
3680,Gabriel-Salinas-Jones
3681,Rex-Richards
3683,John-Richard
3684,Matt-Ricehouse
3691,Wuziazibieke-Jiahefu
3694,Ryuta-Sakurai
3697,Hayato-Sakurai
3698,Vitor-Ribeiro
3699,Lucrezia-Ria
3700,Will-Ribeiro
3702,Kazushi-Sakuraba
3704,Gaston-Reyno
3706,Johnny-Rhodes
3707,-Wulijiburen
3710,Chris-Wright
3713,Wataru-Sakata
3714,JW-Wright
3715,Yukio-Sakaguchi
3717,Victor-Reyna
3718,Benoit-Saint-Denis
3719,Kyle-Reyes
3721,Ovince-Saint-Preux
3725,John-Renken
3727,Herman-Renting
3728,Solomon-Renfro
3729,Eric-Wray
3733,Cal-Worsham
3734,Hunter-Worsham
3735,Salvador-Woods
3739,Saparbeg-Safarov
3742,Danny-Sabatello
3743,Pete-Sabala
3748,Ben-Reiter
3750,Paulo-Renato-Junior
3751,Leigh-Remedios
3755,Chad-Reiner
3757,Xue-Do-Won
3760,Ray-Wizard
3761,Travis-Wiuff
3764,Karolina-Wojcik
3766,James-Reese
3768,Karl-Reed
3769,John-Reedy
3770,Dennis-Reed
3777,Greg-Rebello
3781,Greg-Wilson
3782,Sean-Wilson
3785,Rafael-Rebello
3787,Iony-Razafiarison
3788,Antony-Rea
3789,Keenan-Raymond
3791,Gideon-Ray
3792,Joe-Ray
3797,Han-Ten-Yun
3803,Karl-Willis
3806,Xie-Bin
3808,Carter-Williams
3809,Xiao-Long
3810,Rubens-Xavier
3811,Ed-Ratcliff
3812,David-Rasouri
3813,Hussain-Rasouli
3815,Raou-Raou
3817,Vernon-Ramos-Ho
3818,Kevin-Randleman
3820,Gauge-Young
3826,Artenus-Young
3827,Trenell-Young
3828,SuYoung-You
3829,Kaitlin-Young
3831,Pete-Williams
3832,Hidehiko-Yoshida
3833,Rubin-Williams
3835,Tedd-Williams
3837,Joe-Wilk
3839,Justin-Wilcox
3841,Andrew-Ramm
3842,Steve-Ramirez
3843,Matt-Ramirez
3844,Amador-Ramirez
3846,Hector-Ramirez
3849,Thomas-Ramirez
3850,John-Yoo
3851,Dong-Sik-Yoon
3852,SangHoon-Yoo
3853,Kazunori-Yokota
3854,-Yizha
3855,Hirotaka-Yokoi
3857,Orlando-Wiet
3858,Yin-Shuai
3860,Jonathan-Wiezorek
3861,Josh-Wick
3862,Mitch-Whitesel
3865,Josh-Rafferty
3867,Amir-Rahnavardi
3871,Gilbert-Rael
3873,Tadao-Yasuda
3874,Yoshiaki-Yatsu
3876,-Yibugele
3877,Chris-Yee
3879,Jianping-Yang
3880,Emmanuel-Yarborough
3881,Masutatsu-Yano
3884,Patrik-White
3885,Mike-Whitehead
3888,Steve-White
3889,Aaron-Wetherspoon
3890,Vernon-White
3894,Coty-Wheeler
3895,Yan-Qihui
3897,Takeshi-Yamazaki
3899,Goiti-Yamauchi
3901,Hiroko-Yamanaka
3903,Atsushi-Yamamoto
3905,Malcolm-Wellmaker
3906,Dustin-West
3908,Mark-Weir
3910,Daniel-Weichel
3914,Austin-Tweedy
3916,Courtney-Turner
3921,Kenichi-Yamamoto
3924,Keiichiro-Yamamiya
3928,Stephanie-Webber
3930,Enrique-Watson
3936,Maka-Watson
3938,Marco-Tulio
3939,Teila-Tuli
3944,Sam-Watford
3945,Tom-Tuggle
3946,Blair-Tugman
3947,Blake-Watkins
3950,Andy-Waters
3952,Kazuhisa-Watanabe
3953,Ron-Waterman
3954,Kengo-Watanabe
3957,Idris-Wasi
3961,Reynaldo-Trujillo
3962,Aaron-Trujillo
3964,Brian-Warren
3967,Joe-Warren
3968,Merritt-Warren
3971,Joshua-Wang-Kim
3973,Brennan-Ward
3975,Damien-Trites
3977,Anying-Wang
3980,Angelo-Trevino
3982,Bryan-Travers
3983,Alexander-Trevino
3985,Slim-Trabelsi
3986,Andy-Wang
3988,Dimitiri-Wanderley
3989,Roberto-Traven
3991,Cory-Walmsley
3992,Erick-Wanderlei
3993,James-Wallace
3994,Randall-Wallace
3996,Milco-Voorn
3997,Minoru-Toyonaga
3998,Igor-Vovchanchyn
4001,Mark-Vorgeas
4002,Eduardo-Torres-Caut
4004,Desmond-Torres
4006,Alex-Torres
4007,Abram-Torres
4008,Haven-Torres
4009,Jason-Von-Flue
4012,Crafton-Wallace
4013,Jeremy-Wallace
4018,Andre-Walker
4019,Danylo-Voievodkin
4021,Mateo-Vogel
4022,Herschel-Walker
4024,Falaniko-Vitale
4027,Brandon-Visher
4032,Ronys-Torres
4033,Carl-Toomey
4036,Masanori-Tonooka
4040,James-Wade
4044,TJ-Waldburger
4045,Joey-Villasenor
4046,Pablo-Villaseca
4047,Armando-Villarreal
4048,Ruben-Villareal
4049,DeMarco-Villalona
4052,Hideo-Tokoro
4053,Alejandro-Villalobos
4056,Ryan-Tobar
4057,Anatoly-Tokov
4059,Brett-Tillis
4062,Andrew-Todhunter
4066,Steve-Vigneault
4071,Vitor-Vianna
4074,Josh-Thornburg
4078,James-Thompson
4081,Nick-Urso
4083,Nick-Thompson
4084,Guilherme-Viana
4086,Logan-Urban
4089,Elias-Urbina
4090,Kengo-Ura
4092,Zach-Underwood
4093,Bryan-Vetell
4094,CJ-Vergara
4099,Isis-Verbeek
4100,Renato-Verissimo
4102,Treston-Thomison
4103,Ernie-Verdicia
4104,Joel-Thomas
4106,Noah-Thomas
4109,Nik-Theotikos
4111,Jeremy-Umphries
4113,Alexia-Thainara
4115,Andy-Uhrich
4119,Ryuki-Ueyama
4120,Christian-Uflacker
4122,Kerry-Vera
4123,Alberto-Uda
4124,Scott-Ventimiglia
4125,Jerrel-Venetiaan
4130,David-Velasquez
4134,Jason-Thacker
4135,Jeff-Terry
4136,David-Terrell
4137,James-Terry
4139,Herman-Terrado
4140,Greg-Velasco
4141,Taneisha-Tennant
4142,Dave-Terrel
4143,Kelly-Velasco
4144,Manny-Vazquez
4148,Yuri-Vaulin
4150,Billy-Vaughan
4151,Tra-Telligman
4152,Talisson-Teixeira
4153,Linton-Vassell
4154,Ewerton-Teixeira
4156,J.T-Taylor
4158,Shawn-Teed
4163,Paige-VanZant
4164,Paul-Varelans
4167,Austin-Vanderford
4168,Chad-Vance
4169,Cameron-VanCamp
4170,Lloyd-Van-Dams
4171,Anthony-Taylor
4172,Alain-Van-der-Merckt
4173,Torrance-Taylor
4174,Louis-Taylor
4178,Jeremy-Tavares
4180,Deividas-Taurosevicius
4182,Joshua-Van
4183,Ron-van-Clief
4184,Matt-Van-Buren
4185,Kevin-Vallejos
4186,Isaac-Vallie-Flagg
4187,Mike-van-Arsdale
4189,Victor-Valimaki
4190,Aaron-Tau
4191,Andrew-Valladerez
4192,Ivan-Valenzuela
4193,Gary-Tapusoa
4194,Manny-Tapia
4195,Otar-Tanzilov
4197,Kasey-Tanner
4198,Akihito-Tanaka
4203,Victor-Valenzuela
4204,Egidijus-Valavicius
4206,Artem-Vakhitov
4208,Akitoshi-Tamura
4210,Eli-Tamez
4211,Tsuyoshi-Tamakairiki
4213,Kiyoshi-Tamura
4215,Oleg-Taktarov
4216,Murtaza-Talha
4217,Makoto-Takimoto
4218,Yoshiki-Takahashi
4219,Nobuhiko-Takada
